{"cameraMode":{"drawMode":0,"name":"Shaded","section":"Shading Mode"},"sceneLighting":false,"audioPlay":false,"sceneViewState":{"m_AlwaysRefresh":false,"showFog":true,"showSkybox":true,"showFlares":true,"showImageEffects":true,"showParticleSystems":true,"showVisualEffectGraphs":true,"m_FxEnabled":true},"in2DMode":false,"pivot":{"x":1.6196836233139039,"y":0.9746229648590088,"z":-0.5910719037055969},"rotation":{"x":0.1174173653125763,"y":-0.7100120186805725,"z":0.12195351719856262,"w":0.6836148500442505},"size":4.308178901672363,"orthographic":true}