{"cameraMode":{"drawMode":0,"name":"Shaded","section":"Shading Mode"},"sceneLighting":false,"audioPlay":false,"sceneViewState":{"m_AlwaysRefresh":false,"showFog":true,"showSkybox":true,"showFlares":true,"showImageEffects":true,"showParticleSystems":true,"showVisualEffectGraphs":true,"m_FxEnabled":true},"in2DMode":false,"pivot":{"x":1.4036574363708497,"y":1.7819067239761353,"z":0.8432769179344177},"rotation":{"x":0.049806877970695499,"y":-0.8051809668540955,"z":0.0682654082775116,"w":0.5870362520217896},"size":3.7774038314819338,"orthographic":true}