{"cameraMode":{"drawMode":0,"name":"Shaded","section":"Shading Mode"},"sceneLighting":false,"audioPlay":false,"sceneViewState":{"m_AlwaysRefresh":false,"showFog":true,"showSkybox":true,"showFlares":true,"showImageEffects":true,"showParticleSystems":true,"showVisualEffectGraphs":true,"m_FxEnabled":true},"in2DMode":false,"pivot":{"x":1.4036574363708497,"y":1.7819067239761353,"z":0.8432769179344177},"rotation":{"x":0.14680519700050355,"y":-0.7320929169654846,"z":0.1668500304222107,"w":0.6439988017082214},"size":3.191526412963867,"orthographic":true}