{"cameraMode":{"drawMode":0,"name":"Shaded","section":"Shading Mode"},"sceneLighting":false,"audioPlay":false,"sceneViewState":{"m_AlwaysRefresh":false,"showFog":true,"showSkybox":true,"showFlares":true,"showImageEffects":true,"showParticleSystems":true,"showVisualEffectGraphs":true,"m_FxEnabled":true},"in2DMode":false,"pivot":{"x":1.4036574363708497,"y":1.7819067239761353,"z":0.8432769179344177},"rotation":{"x":0.08275165408849716,"y":-0.20218519866466523,"z":0.017119191586971284,"w":0.9757295250892639},"size":3.7774038314819338,"orthographic":true}